user_id,recommendation
0,"[25, 26]"
1,"[40, 41]"
2,"[95, 96]"
3,"[173, 174]"
4,"[208, 209]"
5,"[225, 226]"
6,"[234, 235]"
7,"[251, 252]"
8,"[259, 260]"
9,"[265, 266]"
10,"[276, 277]"
11,"[282, 283]"
12,"[295, 296]"
13,"[338, 338]"
14,"[356, 357]"
15,"[357, 358]"
16,"[362, 363]"
17,"[366, 367]"
18,"[369, 370]"
19,"[390, 392]"
20,"[403, 404]"
21,"[407, 408]"
22,"[412, 413]"
23,"[502, 503]"
24,"[539, 540]"
25,"[550, 551]"
26,"[559, 560]"
27,"[576, 577]"
28,"[584, 585]"
29,"[601, 602]"
30,"[630, 631]"
31,"[635, 636]"
32,"[646, 647]"
33,"[652, 653]"
34,"[662, 663]"
35,"[670, 672]"
36,"[670, 671]"
37,"[673, 674]"
38,"[711, 711]"
39,"[722, 723]"
40,"[734, 735]"
41,"[835, 836]"
42,"[890, 891]"
43,"[900, 901]"
44,"[907, 908]"
45,"[982, 983]"
46,"[1014, 1015]"
47,"[1089, 1089]"
48,"[1116, 1117]"
49,"[1126, 1127]"
50,"[1133, 1134]"
51,"[1160, 1161]"
52,"[1163, 1164]"
53,"[1169, 1170]"
54,"[1175, 1176]"
55,"[1181, 1182]"
56,"[1186, 1187]"
57,"[1215, 1216]"
58,"[1230, 1231]"
59,"[1235, 1236]"
60,"[1243, 1244]"
61,"[1247, 1248]"
62,"[1250, 1251]"
63,"[1257, 1257]"
64,"[1280, 1286]"
65,"[1282, 1283]"
66,"[1289, 1289]"
67,"[1295, 1296]"
68,"[1306, 1308]"
69,"[1316, 1317]"
70,"[1324, 1325]"
71,"[1327, 1329]"
72,"[1332, 1333]"
73,"[1334, 1335]"
74,"[1341, 1342]"
75,"[1344, 1345]"
76,"[1347, 1348]"
77,"[1353, 1354]"
78,"[1357, 1358]"
79,"[1367, 1368]"
80,"[1373, 1373]"
81,"[1382, 1383]"
82,"[1445, 1446]"
83,"[1466, 1467]"
84,"[1476, 1477]"
85,"[1492, 1493]"
86,"[1506, 1507]"
87,"[1510, 1511]"
88,"[1515, 1516]"
89,"[1518, 1519]"
90,"[1524, 1525]"
91,"[1536, 1537]"
92,"[1543, 1544]"
93,"[1548, 1549]"
94,"[1553, 1555]"
95,"[1560, 1561]"
96,"[1564, 1565]"
97,"[1584, 1585]"
98,"[1595, 1596]"
99,"[1618, 1619]"
100,"[1629, 1630]"
101,"[1633, 1634]"
102,"[1637, 1638]"
103,"[1651, 1652]"
104,"[1659, 1660]"
105,"[1661, 1662]"
106,"[1665, 1666]"
107,"[1669, 1670]"
108,"[1683, 1686]"
109,"[1692, 1693]"
110,"[1700, 1701]"
111,"[1728, 1729]"
112,"[1735, 1736]"
113,"[1738, 1739]"
114,"[1743, 1744]"
115,"[1750, 1751]"
116,"[1751, 1752]"
117,"[1765, 1766]"
118,"[1778, 1778]"
119,"[1787, 1788]"
120,"[1796, 1797]"
121,"[1807, 1812]"
122,"[1819, 1820]"
123,"[1828, 1829]"
124,"[1836, 1837]"
125,"[1859, 1860]"
126,"[1865, 1866]"
127,"[1870, 1872]"
128,"[1874, 1875]"
129,"[1878, 1879]"
130,"[1881, 1882]"
131,"[1886, 1887]"
132,"[1889, 1890]"
133,"[1897, 1898]"
134,"[1902, 1903]"
135,"[1910, 1911]"
136,"[1917, 1918]"
137,"[1925, 1926]"
138,"[1936, 1937]"
139,"[1945, 1946]"
140,"[1948, 1949]"
141,"[1957, 1958]"
142,"[1978, 1979]"
143,"[1987, 1988]"
144,"[1992, 1993]"
145,"[1998, 1999]"
146,"[2007, 2009]"
147,"[2016, 2017]"
148,"[2032, 2034]"
149,"[2042, 2043]"
150,"[2057, 2058]"
151,"[2062, 2063]"
152,"[2065, 2066]"
153,"[2079, 2080]"
154,"[2086, 2087]"
155,"[2095, 2096]"
156,"[2105, 2106]"
157,"[2119, 2121]"
158,"[2151, 2152]"
159,"[2169, 2170]"
160,"[2185, 2186]"
161,"[2201, 2201]"
162,"[2247, 2248]"
163,"[2258, 2259]"
164,"[2261, 2262]"
165,"[2262, 2263]"
166,"[722, 723]"
167,"[2271, 2272]"
168,"[2293, 2294]"
169,"[2301, 2302]"
170,"[2323, 2324]"
171,"[2329, 2330]"
172,"[2356, 2357]"
173,"[2364, 2365]"
174,"[2367, 2368]"
175,"[2394, 2402]"
176,"[2409, 2407]"
177,"[2405, 2406]"
178,"[2407, 2408]"
179,"[2409, 2410]"
180,"[2436, 2437]"
181,"[2444, 2445]"
182,"[2449, 2450]"
183,"[2452, 2453]"
184,"[2464, 2465]"
185,"[2468, 2469]"
186,"[2477, 2478]"
187,"[2559, 2560]"
188,"[2582, 2582]"
189,"[2585, 2586]"
190,"[2590, 2591]"
191,"[2599, 2601]"
192,"[2604, 2605]"
193,"[2606, 2607]"
194,"[2610, 2611]"
195,"[2614, 2615]"
196,"[2624, 2625]"
197,"[2627, 2628]"
198,"[2631, 2632]"
199,"[2636, 2637]"
200,"[2650, 2651]"
201,"[2658, 2659]"
202,"[2667, 2668]"
203,"[2674, 2675]"
204,"[2716, 2717]"
205,"[2730, 2731]"
206,"[2736, 2737]"
207,"[2744, 2744]"
208,"[2755, 2756]"
209,"[2780, 2781]"
210,"[2805, 2806]"
211,"[2814, 2815]"
212,"[2822, 2823]"
213,"[2830, 2832]"
214,"[2838, 2839]"
215,"[2842, 2843]"
216,"[2863, 2864]"
217,"[2877, 2879]"
218,"[612, 613]"
219,"[2894, 2895]"
220,"[2913, 2914]"
221,"[2929, 2930]"
222,"[2941, 2942]"
223,"[2945, 2946]"
224,"[2953, 2955]"
225,"[2962, 2963]"
226,"[2981, 2982]"
227,"[2987, 2988]"
228,"[2988, 2988]"
229,"[2990, 2991]"
230,"[2994, 2995]"
231,"[3003, 3004]"
232,"[3013, 3014]"
233,"[3017, 3018]"
234,"[3020, 3022]"
235,"[3025, 3026]"
236,"[3040, 3041]"
237,"[3045, 3046]"
238,"[3047, 3048]"
239,"[3049, 3050]"
240,"[3060, 3061]"
241,"[3069, 3070]"
242,"[3073, 3074]"
243,"[3086, 3087]"
244,"[3091, 3092]"
245,"[3094, 3095]"
246,"[3095, 3096]"
247,"[3103, 3104]"
248,"[3108, 3109]"
249,"[3116, 3117]"
250,"[3119, 3120]"
251,"[3129, 3130]"
252,"[3177, 3177]"
253,"[3209, 3210]"
254,"[3224, 3225]"
255,"[3236, 3237]"
256,"[3245, 3246]"
257,"[3142, 3143]"
258,"[3256, 3257]"
259,"[3265, 3266]"
260,"[3269, 3270]"
261,"[3272, 3273]"
262,"[3364, 3365]"
263,"[3389, 3390]"
264,"[3391, 3392]"
265,"[3407, 3408]"
266,"[3409, 3410]"
267,"[3413, 3414]"
268,"[3416, 3417]"
269,"[3420, 3421]"
270,"[3427, 3428]"
271,"[3430, 3431]"
272,"[3436, 3437]"
273,"[3437, 3438]"
274,"[3442, 3443]"
275,"[3452, 3453]"
276,"[3453, 3454]"
277,"[3461, 3462]"
278,"[3466, 3467]"
279,"[3468, 3469]"
280,"[3472, 3473]"
281,"[3474, 3475]"
282,"[3483, 3484]"
283,"[3482, 3483]"
284,"[3485, 3486]"
285,"[3488, 3489]"
286,"[3492, 3493]"
287,"[3506, 3507]"
288,"[3514, 3515]"
289,"[3521, 3522]"
290,"[3544, 3546]"
291,"[3558, 3560]"
292,"[3571, 3572]"
293,"[3578, 3579]"
294,"[3580, 3581]"
295,"[3590, 3593]"
296,"[3594, 3595]"
297,"[3605, 3607]"
298,"[3612, 3613]"
299,"[3618, 3618]"
300,"[3641, 3642]"
301,"[3662, 3663]"
302,"[3668, 3669]"
303,"[3674, 3676]"
304,"[3692, 3693]"
305,"[3710, 3711]"
306,"[3718, 3719]"
307,"[3723, 3724]"
308,"[3742, 3743]"
309,"[3752, 3752]"
310,"[3755, 3756]"
311,"[3766, 3767]"
312,"[3773, 3774]"
313,"[3787, 3788]"
314,"[3798, 3801]"
315,"[3797, 3798]"
316,"[3800, 3801]"
317,"[3810, 3812]"
318,"[3812, 3812]"
319,"[3820, 3820]"
320,"[3839, 3840]"
321,"[3846, 3848]"
322,"[3855, 3858]"
323,"[3857, 3858]"
324,"[3864, 3865]"
325,"[3872, 3873]"
326,"[3890, 3891]"
327,"[3909, 3909]"
328,"[3910, 3911]"
329,"[3933, 3935]"
330,"[3949, 3949]"
331,"[3953, 3954]"
332,"[3955, 3956]"
333,"[3972, 3973]"
334,"[3980, 3981]"
335,"[3983, 3984]"
336,"[3987, 3986]"
337,"[3992, 3993]"
338,"[3995, 3996]"
339,"[3999, 4000]"
340,"[4009, 4010]"
341,"[4013, 4014]"
342,"[4018, 4019]"
343,"[4028, 4029]"
344,"[4038, 4039]"
345,"[4057, 4060]"
346,"[4052, 4053]"
347,"[4055, 4056]"
348,"[4056, 4057]"
349,"[4059, 4060]"
350,"[4063, 4065]"
351,"[4073, 4074]"
352,"[4097, 4097]"
353,"[4117, 4118]"
354,"[4122, 4123]"
355,"[4125, 4126]"
356,"[4131, 4132]"
357,"[4146, 4147]"
358,"[4154, 4155]"
359,"[4168, 4169]"
360,"[4174, 4175]"
361,"[4178, 4179]"
362,"[4260, 4261]"
363,"[4276, 4277]"
364,"[4299, 4300]"
365,"[4315, 4316]"
366,"[4327, 4328]"
367,"[4331, 4332]"
368,"[4335, 4338]"
369,"[4336, 4337]"
370,"[4339, 4340]"
371,"[4348, 4349]"
372,"[4353, 4354]"
373,"[4356, 4357]"
374,"[2615, 2616]"
375,"[4360, 4360]"
376,"[4363, 4364]"
377,"[4364, 4365]"
378,"[4366, 4367]"
379,"[4385, 4385]"
380,"[4380, 4380]"
381,"[4384, 4385]"
382,"[4413, 4414]"
383,"[4416, 4417]"
384,"[4419, 4420]"
385,"[4436, 4437]"
386,"[4441, 4442]"
387,"[4447, 4448]"
388,"[4451, 4452]"
389,"[4454, 4455]"
390,"[4465, 4466]"
391,"[4504, 4505]"
392,"[4518, 4519]"
393,"[4527, 4529]"
394,"[4531, 4532]"
395,"[4543, 4544]"
396,"[4552, 4554]"
397,"[4559, 4560]"
398,"[4566, 4567]"
399,"[4588, 4589]"
400,"[4608, 4609]"
401,"[4611, 4612]"
402,"[4626, 4627]"
403,"[4634, 4635]"
404,"[4638, 4640]"
405,"[4661, 4662]"
406,"[4668, 4668]"
407,"[4670, 4671]"
408,"[4673, 4674]"
409,"[4676, 4677]"
410,"[4687, 4688]"
411,"[4693, 4694]"
412,"[4493, 4494]"
413,"[4707, 4708]"
414,"[4713, 4714]"
415,"[4720, 4720]"
416,"[4725, 4726]"
417,"[4729, 4730]"
418,"[4731, 4732]"
419,"[4741, 4742]"
420,"[4743, 4744]"
421,"[4744, 4745]"
422,"[4750, 4752]"
423,"[4755, 4756]"
424,"[4763, 4764]"
425,"[4769, 4770]"
426,"[4780, 4781]"
427,"[4783, 4784]"
428,"[4803, 4804]"
429,"[4812, 4813]"
430,"[4815, 4816]"
431,"[4827, 4827]"
432,"[4828, 4830]"
433,"[4832, 4833]"
434,"[4842, 4843]"
435,"[4864, 4865]"
436,"[4880, 4882]"
437,"[394, 395]"
438,"[4906, 4907]"
439,"[4922, 4923]"
440,"[4926, 4927]"
441,"[4932, 4933]"
442,"[4936, 4937]"
443,"[4946, 4947]"
444,"[4951, 4952]"
445,"[4968, 4969]"
446,"[4977, 4978]"
447,"[4991, 4992]"
448,"[4997, 4998]"
449,"[5003, 5004]"
450,"[5011, 5012]"
451,"[5061, 5062]"
452,"[5092, 5093]"
453,"[5101, 5102]"
454,"[5116, 5117]"
455,"[5116, 5117]"
456,"[5123, 5124]"
457,"[5131, 5132]"
458,"[5174, 5175]"
459,"[5183, 5184]"
460,"[5186, 5187]"
461,"[5194, 5195]"
462,"[5198, 5199]"
463,"[5204, 5205]"
464,"[5206, 5207]"
465,"[5221, 5222]"
466,"[5226, 5227]"
467,"[5233, 5234]"
468,"[5238, 5239]"
469,"[5243, 5244]"
470,"[5249, 5250]"
471,"[5252, 5253]"
472,"[5257, 5258]"
473,"[5261, 5262]"
474,"[5267, 5268]"
475,"[5282, 5283]"
476,"[5283, 5284]"
477,"[5288, 5289]"
478,"[5298, 5299]"
479,"[5312, 5313]"
480,"[5321, 5322]"
481,"[5325, 5325]"
482,"[5332, 5331]"
483,"[5335, 5336]"
484,"[5341, 5342]"
485,"[5343, 5344]"
486,"[5345, 5346]"
487,"[5350, 5351]"
488,"[5359, 5360]"
489,"[5362, 5363]"
490,"[5380, 5381]"
491,"[5395, 5396]"
492,"[5398, 5399]"
493,"[5400, 5401]"
494,"[5401, 5402]"
495,"[5403, 5404]"
496,"[5409, 5410]"
497,"[5412, 5413]"
498,"[5421, 5422]"
499,"[5429, 5430]"
500,"[5430, 5430]"
501,"[5436, 5437]"
502,"[5447, 5448]"
503,"[5452, 5453]"
504,"[5463, 5464]"
505,"[5468, 5469]"
506,"[5485, 5487]"
507,"[5491, 5491]"
508,"[5495, 5496]"
509,"[5497, 5498]"
510,"[5506, 5507]"
511,"[5512, 5513]"
512,"[5517, 5518]"
513,"[5521, 5522]"
514,"[5529, 5530]"
515,"[5537, 5538]"
516,"[5549, 5550]"
517,"[5560, 5561]"
518,"[5562, 5563]"
519,"[5569, 5569]"
520,"[5574, 5575]"
521,"[5578, 5579]"
522,"[5581, 5582]"
523,"[5584, 5585]"
524,"[5592, 5593]"
525,"[5595, 5596]"
526,"[5606, 5607]"
527,"[5610, 5611]"
528,"[5624, 5624]"
529,"[5629, 5630]"
530,"[5638, 5639]"
531,"[5300, 5301]"
532,"[5663, 5664]"
533,"[5667, 5668]"
534,"[5672, 5673]"
535,"[5677, 5677]"
536,"[5685, 5686]"
537,"[5686, 5687]"
538,"[5689, 5690]"
539,"[5698, 5699]"
540,"[5707, 5708]"
541,"[5714, 5715]"
542,"[5725, 5726]"
543,"[5738, 5739]"
544,"[5500, 5501]"
545,"[5755, 5756]"
546,"[5760, 5761]"
547,"[5771, 5771]"
548,"[5775, 5776]"
549,"[5783, 5784]"
550,"[5789, 5790]"
551,"[5790, 5791]"
552,"[5793, 5794]"
553,"[5802, 5803]"
554,"[5830, 5831]"
555,"[5850, 5851]"
556,"[5852, 5853]"
557,"[5876, 5877]"
558,"[5887, 5888]"
559,"[5892, 5893]"
560,"[5895, 5896]"
561,"[5899, 5900]"
562,"[5919, 5920]"
563,"[5954, 5955]"
564,"[5962, 5963]"
565,"[5972, 5973]"
566,"[5581, 5582]"
567,"[5981, 5982]"
568,"[5985, 5986]"
569,"[5995, 5996]"
570,"[6002, 6003]"
571,"[6004, 6004]"
572,"[6012, 6013]"
573,"[6036, 6037]"
574,"[6052, 6053]"
575,"[6056, 6057]"
576,"[6062, 6063]"
577,"[6065, 6066]"
578,"[4688, 4689]"
579,"[6070, 6071]"
580,"[6071, 6072]"
581,"[6078, 6079]"
582,"[6083, 6084]"
583,"[6084, 6085]"
584,"[6094, 6096]"
585,"[6098, 6099]"
586,"[6102, 6103]"
587,"[6105, 6106]"
588,"[3557, 3558]"
589,"[6117, 6118]"
590,"[6125, 6126]"
591,"[6130, 6131]"
592,"[6134, 6136]"
593,"[3939, 3940]"
594,"[6140, 6141]"
595,"[4913, 4914]"
596,"[6144, 6145]"
597,"[6146, 6147]"
598,"[6157, 6158]"
599,"[6159, 6160]"
600,"[6170, 6171]"
601,"[6179, 6179]"
602,"[6188, 6189]"
603,"[6201, 6202]"
604,"[6208, 6209]"
605,"[6222, 6223]"
606,"[6228, 6229]"
607,"[6239, 6240]"
608,"[6261, 6262]"
609,"[5803, 5804]"
610,"[6270, 6271]"
611,"[6272, 6273]"
612,"[6293, 6294]"
613,"[6297, 6298]"
614,"[6300, 6301]"
615,"[6303, 6304]"
616,"[6305, 6306]"
617,"[6317, 6318]"
618,"[1578, 1579]"
619,"[6325, 6326]"
620,"[6333, 6334]"
621,"[6348, 6349]"
622,"[6353, 6355]"
623,"[6355, 6356]"
624,"[4597, 4598]"
625,"[6359, 6360]"
626,"[6369, 6369]"
627,"[6374, 6375]"
628,"[2357, 2358]"
629,"[6386, 6387]"
630,"[6393, 6394]"
631,"[6401, 6401]"
632,"[6409, 6410]"
633,"[6422, 6424]"
634,"[6432, 6433]"
635,"[6433, 6434]"
636,"[6435, 6436]"
637,"[6444, 6445]"
638,"[6448, 6449]"
639,"[6463, 6464]"
640,"[6468, 6469]"
641,"[6472, 6474]"
642,"[6476, 6476]"
643,"[6510, 6511]"
644,"[6532, 6533]"
645,"[6535, 6536]"
646,"[6546, 6547]"
647,"[6550, 6551]"
648,"[6557, 6558]"
649,"[6567, 6568]"
650,"[6569, 6570]"
651,"[6573, 6574]"
652,"[6580, 6581]"
653,"[6586, 6587]"
654,"[6591, 6592]"
655,"[3945, 3946]"
656,"[6597, 6597]"
657,"[6599, 6600]"
658,"[6603, 6604]"
659,"[6624, 6625]"
660,"[6635, 6636]"
661,"[6645, 6646]"
662,"[6669, 6670]"
663,"[6670, 6671]"
664,"[6683, 6684]"
665,"[6687, 6688]"
666,"[6691, 6692]"
667,"[6698, 6698]"
668,"[6703, 6704]"
669,"[6705, 6706]"
670,"[6726, 6727]"
671,"[6730, 6731]"
672,"[6733, 6734]"
673,"[6741, 6742]"
674,"[6745, 6746]"
675,"[6748, 6749]"
676,"[6750, 6751]"
677,"[6752, 6753]"
678,"[6755, 6756]"
679,"[6762, 6763]"
680,"[6768, 6769]"
681,"[6775, 6776]"
682,"[6785, 6785]"
683,"[6791, 6792]"
684,"[6799, 6800]"
685,"[6803, 6804]"
686,"[6812, 6814]"
687,"[6814, 6815]"
688,"[6817, 6818]"
689,"[6820, 6821]"
690,"[6821, 6822]"
691,"[6826, 6827]"
692,"[6833, 6834]"
693,"[6840, 6841]"
694,"[6847, 6848]"
695,"[6848, 6849]"
696,"[6867, 6872]"
697,"[6854, 6855]"
698,"[6863, 6864]"
699,"[6868, 6869]"
700,"[6879, 6880]"
701,"[6677, 6678]"
702,"[6886, 6888]"
703,"[6912, 6913]"
704,"[6922, 6923]"
705,"[6923, 6924]"
706,"[6929, 6930]"
707,"[6939, 6940]"
708,"[6954, 6954]"
709,"[6969, 6970]"
710,"[6988, 6989]"
711,"[6993, 6993]"
712,"[6994, 6996]"
713,"[6996, 6997]"
714,"[7005, 7006]"
715,"[7012, 7013]"
716,"[7046, 7043]"
717,"[7021, 7022]"
718,"[7036, 7037]"
719,"[7043, 7044]"
720,"[7045, 7046]"
721,"[7049, 7050]"
722,"[7054, 7055]"
723,"[7079, 7080]"
724,"[7090, 7093]"
725,"[7085, 7086]"
726,"[7086, 7087]"
727,"[7088, 7089]"
728,"[7090, 7091]"
729,"[7101, 7102]"
730,"[7107, 7108]"
731,"[7111, 7112]"
732,"[7128, 7129]"
733,"[7139, 7140]"
734,"[7142, 7146]"
735,"[3812, 3813]"
736,"[7143, 7145]"
737,"[7146, 7147]"
738,"[7150, 7151]"
739,"[3932, 3933]"
740,"[7152, 7153]"
741,"[7160, 7161]"
742,"[7172, 7173]"
743,"[866, 867]"
744,"[7179, 7179]"
745,"[7181, 7182]"
746,"[7183, 7184]"
747,"[7187, 7188]"
748,"[7198, 7199]"
749,"[7201, 7202]"
750,"[7202, 7203]"
751,"[7210, 7211]"
752,"[7216, 7218]"
753,"[7217, 7218]"
754,"[7220, 7221]"
755,"[7225, 7225]"
756,"[7230, 7231]"
757,"[7231, 7232]"
758,"[7234, 7235]"
759,"[7239, 7240]"
760,"[7246, 7248]"
761,"[7248, 7249]"
762,"[7251, 7251]"
763,"[7254, 7255]"
764,"[7263, 7264]"
765,"[7278, 7279]"
766,"[7284, 7285]"
767,"[7292, 7293]"
768,"[7293, 7294]"
769,"[7302, 7303]"
770,"[7328, 7329]"
771,"[7335, 7336]"
772,"[7340, 7341]"
773,"[7349, 7350]"
774,"[7353, 7354]"
775,"[7358, 7359]"
776,"[7359, 7360]"
777,"[7365, 7366]"
778,"[7373, 7374]"
779,"[7385, 7387]"
780,"[7392, 7393]"
781,"[7398, 7399]"
782,"[7403, 7404]"
783,"[7405, 7407]"
784,"[7408, 7409]"
785,"[7422, 7424]"
786,"[7427, 7428]"
787,"[7429, 7430]"
788,"[7437, 7438]"
789,"[7441, 7443]"
790,"[7444, 7445]"
791,"[7448, 7449]"
792,"[7452, 7453]"
793,"[7453, 7454]"
794,"[7456, 7457]"
795,"[7464, 7465]"
796,"[7468, 7469]"
797,"[7470, 7472]"
798,"[7487, 7488]"
799,"[7495, 7498]"
800,"[6672, 6673]"
801,"[7494, 7495]"
802,"[7498, 7499]"
803,"[7500, 7501]"
804,"[7514, 7515]"
805,"[7522, 7523]"
806,"[7378, 7379]"
807,"[7531, 7532]"
808,"[7546, 7547]"
809,"[7548, 7549]"
810,"[7551, 7552]"
811,"[7552, 7553]"
812,"[7555, 7555]"
813,"[7567, 7567]"
814,"[7569, 7570]"
815,"[7571, 7572]"
816,"[7577, 7578]"
817,"[7581, 7582]"
818,"[7583, 7584]"
819,"[7587, 7589]"
820,"[7612, 7613]"
821,"[7612, 7613]"
822,"[7619, 7620]"
823,"[7623, 7624]"
824,"[7630, 7633]"
825,"[7634, 7634]"
826,"[7643, 7644]"
827,"[7651, 7652]"
828,"[7648, 7649]"
829,"[7654, 7656]"
830,"[7655, 7656]"
831,"[7659, 7660]"
832,"[6964, 6965]"
833,"[7668, 7669]"
834,"[7669, 7670]"
835,"[7683, 7683]"
836,"[7688, 7689]"
837,"[7691, 7693]"
838,"[4688, 4689]"
839,"[1863, 1864]"
840,"[7691, 7692]"
841,"[7694, 7695]"
842,"[7696, 7698]"
843,"[7698, 7699]"
844,"[7701, 7702]"
845,"[6800, 6801]"
846,"[7703, 7704]"
847,"[7712, 7713]"
848,"[7716, 7718]"
849,"[7720, 7721]"
850,"[2416, 2417]"
851,"[7725, 7726]"
852,"[7737, 7738]"
853,"[7738, 7739]"
854,"[7747, 7748]"
855,"[7753, 7754]"
856,"[7757, 7758]"
857,"[7766, 7767]"
858,"[7781, 7781]"
859,"[7783, 7784]"
860,"[7785, 7786]"
861,"[7798, 7799]"
862,"[7799, 7800]"
863,"[7804, 7805]"
864,"[6750, 6751]"
865,"[7808, 7809]"
866,"[7816, 7817]"
867,"[7819, 7820]"
868,"[7823, 7824]"
869,"[7825, 7826]"
870,"[7829, 7830]"
871,"[7830, 7831]"
872,"[7836, 7837]"
873,"[7851, 7852]"
874,"[7851, 7852]"
875,"[7865, 7866]"
876,"[7875, 7876]"
877,"[7877, 7878]"
878,"[7895, 7896]"
879,"[7044, 7045]"
880,"[7911, 7912]"
881,"[7914, 7915]"
882,"[7918, 7919]"
883,"[7925, 7926]"
884,"[7096, 7098]"
885,"[7928, 7929]"
886,"[7931, 7932]"
887,"[6086, 6087]"
888,"[7950, 7951]"
889,"[7954, 7955]"
890,"[7957, 7959]"
891,"[7960, 7961]"
892,"[7966, 7967]"
893,"[7967, 7968]"
894,"[7969, 7970]"
895,"[7974, 7975]"
896,"[7993, 7989]"
897,"[7985, 7986]"
898,"[7986, 7987]"
899,"[7988, 7990]"
900,"[7994, 7995]"
901,"[2024, 2026]"
902,"[7998, 7999]"
903,"[8005, 8006]"
904,"[8041, 8041]"
905,"[8047, 8048]"
906,"[8054, 8055]"
907,"[8056, 8057]"
908,"[8059, 8060]"
909,"[8061, 8062]"
910,"[8071, 8072]"
911,"[8073, 8074]"
912,"[8079, 8080]"
913,"[2749, 2749]"
914,"[8076, 8077]"
915,"[8085, 8086]"
916,"[8103, 8104]"
917,"[8108, 8109]"
918,"[8111, 8111]"
919,"[8138, 8139]"
920,"[8147, 8149]"
921,"[8149, 8150]"
922,"[8167, 8168]"
923,"[5414, 5415]"
924,"[8179, 8180]"
925,"[8182, 8183]"
926,"[8188, 8189]"
927,"[8191, 8192]"
928,"[8192, 8193]"
929,"[8203, 8204]"
930,"[8210, 8211]"
931,"[8211, 8212]"
932,"[8217, 8218]"
933,"[8218, 8219]"
934,"[8220, 8221]"
935,"[8226, 8228]"
936,"[8228, 8228]"
937,"[8238, 8239]"
938,"[8241, 8242]"
939,"[8243, 8244]"
940,"[1688, 1689]"
941,"[3252, 3253]"
942,"[8250, 8251]"
943,"[8251, 8252]"
944,"[8252, 8253]"
945,"[8256, 8257]"
946,"[8260, 8262]"
947,"[8263, 8264]"
948,"[8265, 8266]"
949,"[8297, 8298]"
950,"[8302, 8303]"
951,"[8309, 8310]"
952,"[8316, 8317]"
953,"[8317, 8318]"
954,"[8323, 8323]"
955,"[8324, 8325]"
956,"[8325, 8327]"
957,"[8346, 8347]"
958,"[8351, 8352]"
959,"[8353, 8354]"
960,"[8357, 8358]"
961,"[8361, 8362]"
962,"[8363, 8365]"
963,"[8366, 8367]"
964,"[8370, 8371]"
965,"[8373, 8374]"
966,"[8375, 8376]"
967,"[8376, 8377]"
968,"[8377, 8379]"
969,"[8392, 8394]"
970,"[8393, 8394]"
971,"[8396, 8397]"
972,"[7534, 7535]"
973,"[7647, 7648]"
974,"[612, 613]"
975,"[8399, 8400]"
976,"[8401, 8402]"
977,"[8405, 8406]"
978,"[8427, 8428]"
979,"[8431, 8432]"
980,"[8435, 8436]"
981,"[8439, 8439]"
982,"[8440, 8440]"
983,"[8442, 8443]"
984,"[8443, 8444]"
985,"[8444, 8445]"
986,"[8452, 8453]"
987,"[8461, 8462]"
988,"[8476, 8477]"
989,"[8479, 8480]"
990,"[3812, 3813]"
991,"[8481, 8482]"
992,"[8486, 8487]"
993,"[8490, 8491]"
994,"[5387, 5388]"
995,"[8499, 8500]"
996,"[8506, 8507]"
997,"[8508, 8509]"
998,"[8512, 8513]"
999,"[8513, 8514]"
1000,"[8515, 8516]"
1001,"[8517, 8518]"
1002,"[8520, 8521]"
1003,"[8523, 8524]"
1004,"[8524, 8525]"
1005,"[8527, 8528]"
1006,"[8530, 8531]"
1007,"[8531, 8532]"
1008,"[8534, 8535]"
1009,"[8535, 8536]"
1010,"[8542, 8543]"
1011,"[8546, 8547]"
1012,"[8558, 8560]"
1013,"[4471, 4472]"
1014,"[8563, 8564]"
1015,"[8576, 8577]"
1016,"[8589, 8590]"
1017,"[8279, 8280]"
1018,"[8453, 8454]"
1019,"[8604, 8605]"
1020,"[8617, 8618]"
1021,"[8623, 8624]"
1022,"[8639, 8640]"
1023,"[8640, 8641]"
1024,"[8644, 8645]"
1025,"[3080, 3081]"
1026,"[8649, 8649]"
1027,"[8651, 8652]"
1028,"[8658, 8659]"
1029,"[8666, 8668]"
1030,"[5028, 5029]"
1031,"[8665, 8666]"
1032,"[8669, 8670]"
1033,"[8674, 8675]"
1034,"[8676, 8677]"
1035,"[8678, 8679]"
1036,"[8679, 8680]"
1037,"[8689, 8690]"
1038,"[8690, 8692]"
1039,"[8694, 8695]"
1040,"[8699, 8700]"
1041,"[8703, 8704]"
1042,"[8705, 8706]"
1043,"[8706, 8707]"
1044,"[8709, 8710]"
1045,"[8712, 8713]"
1046,"[8719, 8720]"
1047,"[8725, 8726]"
1048,"[8726, 8727]"
1049,"[8730, 8731]"
1050,"[6796, 6797]"
1051,"[8741, 8742]"
1052,"[8747, 8748]"
1053,"[8749, 8750]"
1054,"[8755, 8756]"
1055,"[8758, 8759]"
1056,"[8759, 8760]"
1057,"[8761, 8762]"
1058,"[8769, 8770]"
1059,"[8775, 8776]"
1060,"[8776, 8777]"
1061,"[8780, 8781]"
1062,"[8781, 8782]"
1063,"[8785, 8786]"
1064,"[8787, 8788]"
1065,"[8789, 8790]"
1066,"[8793, 8795]"
1067,"[8802, 8803]"
1068,"[8812, 8813]"
1069,"[8816, 8817]"
1070,"[8817, 8819]"
1071,"[8818, 8819]"
1072,"[8821, 8821]"
1073,"[5884, 5885]"
1074,"[8824, 8825]"
1075,"[8826, 8827]"
1076,"[8836, 8837]"
1077,"[8837, 8838]"
1078,"[8844, 8845]"
1079,"[8847, 8848]"
1080,"[8850, 8851]"
1081,"[8852, 8852]"
1082,"[8665, 8666]"
1083,"[8861, 8862]"
1084,"[8866, 8867]"
1085,"[8870, 8871]"
1086,"[8875, 8876]"
1087,"[8881, 8882]"
1088,"[8883, 8884]"
1089,"[8888, 8889]"
1090,"[8901, 8902]"
1091,"[8902, 8903]"
1092,"[8908, 8909]"
1093,"[8913, 8915]"
1094,"[8933, 8934]"
1095,"[8957, 8958]"
1096,"[8965, 8966]"
1097,"[8970, 8971]"
1098,"[8975, 8976]"
1099,"[8978, 8979]"
1100,"[4239, 4240]"
1101,"[8983, 8985]"
1102,"[8985, 8986]"
1103,"[8991, 8992]"
1104,"[8995, 8996]"
1105,"[8996, 8997]"
1106,"[9026, 9027]"
1107,"[9044, 9045]"
1108,"[9046, 9047]"
1109,"[9046, 9047]"
1110,"[9052, 9053]"
1111,"[9056, 9057]"
1112,"[9061, 9062]"
1113,"[9070, 9071]"
1114,"[4061, 4062]"
1115,"[9073, 9073]"
1116,"[9076, 9077]"
1117,"[8351, 8353]"
1118,"[9080, 9081]"
1119,"[9083, 9084]"
1120,"[9085, 9086]"
1121,"[9097, 9098]"
1122,"[9102, 9103]"
1123,"[9104, 9105]"
1124,"[9120, 9121]"
1125,"[9123, 9124]"
1126,"[9125, 9126]"
1127,"[9129, 9130]"
1128,"[9136, 9138]"
1129,"[9139, 9141]"
1130,"[9142, 9143]"
1131,"[9145, 9146]"
1132,"[9147, 9148]"
1133,"[9153, 9154]"
1134,"[9167, 9169]"
1135,"[9175, 9176]"
1136,"[9180, 9181]"
1137,"[9188, 9189]"
1138,"[2477, 2478]"
1139,"[9191, 9192]"
1140,"[9195, 9196]"
1141,"[9221, 9222]"
1142,"[9233, 9234]"
1143,"[9238, 9239]"
1144,"[9239, 9240]"
1145,"[4206, 4207]"
1146,"[9251, 9252]"
1147,"[9257, 9258]"
1148,"[9258, 9259]"
1149,"[9272, 9273]"
1150,"[9280, 9282]"
1151,"[9287, 9288]"
1152,"[9289, 9290]"
1153,"[9292, 9293]"
1154,"[9296, 9297]"
1155,"[9317, 9318]"
1156,"[9322, 9323]"
1157,"[9328, 9329]"
1158,"[9337, 9338]"
1159,"[9362, 9363]"
1160,"[9368, 9369]"
1161,"[9370, 9371]"
1162,"[9372, 9372]"
1163,"[9378, 9379]"
1164,"[9389, 9390]"
1165,"[7717, 7718]"
1166,"[9391, 9392]"
1167,"[9396, 9397]"
1168,"[9400, 9402]"
1169,"[9402, 9403]"
1170,"[9403, 9404]"
1171,"[9405, 9407]"
1172,"[9424, 9425]"
1173,"[9424, 9425]"
1174,"[9425, 9426]"
1175,"[3519, 3520]"
1176,"[9430, 9431]"
1177,"[9431, 9432]"
1178,"[9435, 9436]"
1179,"[8720, 8721]"
1180,"[9443, 9444]"
1181,"[9447, 9448]"
1182,"[9449, 9450]"
1183,"[9457, 9458]"
1184,"[8706, 8707]"
1185,"[171, 174]"
1186,"[9460, 9461]"
1187,"[9461, 9462]"
1188,"[9466, 9467]"
1189,"[9479, 9481]"
1190,"[9488, 9489]"
1191,"[9496, 9497]"
1192,"[9500, 9501]"
1193,"[9510, 9511]"
1194,"[9511, 9512]"
1195,"[8138, 8140]"
1196,"[9513, 9514]"
1197,"[9517, 9518]"
1198,"[9518, 9519]"
1199,"[9527, 9528]"
1200,
1201,
1202,
1203,
1204,
1205,
1206,
1207,
1208,
1209,
1210,
1211,
1212,
1213,
1214,
1215,
1216,
1217,
1218,
1219,
1220,
1221,
1222,
1223,
1224,
1225,
1226,
1227,
1228,
1229,
1230,
1231,
1232,
1233,
1234,
1235,
1236,
1237,
1238,
1239,
1240,
1241,
1242,
1243,
1244,
1245,
1246,
1247,
1248,
1249,
1250,
1251,
1252,
1253,
1254,
1255,
1256,
1257,
1258,
1259,
1260,
1261,
1262,
1263,
1264,
1265,
1266,
1267,
1268,
1269,
1270,
1271,
1272,
1273,
1274,
1275,
1276,
1277,
1278,
1279,
1280,
1281,
1282,
1283,
1284,
1285,
1286,
1287,
1288,
1289,
1290,
1291,
1292,
1293,
1294,
1295,
1296,
1297,
1298,
1299,
1300,
1301,
1302,
1303,
1304,
1305,
1306,
1307,
1308,
1309,
1310,
1311,
1312,
1313,
1314,
1315,
1316,
1317,
1318,
1319,
1320,
1321,
1322,
1323,
1324,
1325,
1326,
1327,
1328,
1329,
1330,
1331,
1332,
1333,
1334,
1335,
1336,
1337,
1338,
1339,
1340,
1341,
1342,
1343,
1344,
1345,
1346,
1347,
1348,
1349,
1350,
1351,
1352,
1353,
1354,
1355,
1356,
1357,
1358,
1359,
1360,
1361,
1362,
1363,
1364,
1365,
1366,
1367,
1368,
1369,
1370,
1371,
1372,
1373,
1374,
1375,
1376,
1377,
1378,
1379,
1380,
1381,
1382,
1383,
1384,
1385,
1386,
1387,
1388,
1389,
1390,
1391,
1392,
1393,
1394,
1395,
1396,
1397,
1398,
1399,
1400,
1401,
1402,
1403,
1404,
1405,
1406,
1407,
1408,
1409,
1410,
1411,
1412,
1413,
1414,
1415,
1416,
1417,
1418,
1419,
1420,
1421,
1422,
1423,
1424,
1425,
1426,
1427,
1428,
1429,
1430,
1431,
1432,
1433,
1434,
1435,
1436,
1437,
1438,
1439,
1440,
1441,
1442,
1443,
1444,
1445,
1446,
1447,
1448,
1449,
1450,
1451,
1452,
1453,
1454,
1455,
1456,
1457,
1458,
1459,
1460,
1461,
1462,
1463,
1464,
1465,
1466,
1467,
1468,
1469,
1470,
1471,
1472,
1473,
1474,
1475,
1476,
1477,
1478,
1479,
1480,
1481,
1482,
1483,
1484,
1485,
1486,
1487,
1488,
1489,
1490,
1491,
1492,
1493,
1494,
1495,
1496,
1497,
1498,
1499,
1500,
1501,
1502,
1503,
1504,
1505,
1506,
1507,
1508,
1509,
1510,
1511,
1512,
1513,
1514,
1515,
1516,
1517,
1518,
1519,
1520,
1521,
1522,
1523,
1524,
1525,
1526,
1527,
1528,
1529,
1530,
1531,
1532,
1533,
1534,
1535,
1536,
1537,
1538,
1539,
1540,
1541,
1542,
1543,
1544,
1545,
1546,
1547,
1548,
1549,
1550,
1551,
1552,
1553,
1554,
1555,
1556,
1557,
1558,
1559,
1560,
1561,
1562,
1563,
1564,
1565,
1566,
1567,
1568,
1569,
1570,
1571,
1572,
1573,
1574,
1575,
1576,
1577,
1578,
1579,
1580,
1581,
1582,
1583,
1584,
1585,
1586,
1587,
1588,
1589,
1590,
1591,
1592,
1593,
1594,
1595,
1596,
1597,
1598,
1599,
1600,
1601,
1602,
1603,
1604,
1605,
1606,
1607,
1608,
1609,
1610,
1611,
1612,
1613,
1614,
1615,
1616,
1617,
1618,
1619,
1620,
1621,
1622,
1623,
1624,
1625,
1626,
1627,
1628,
1629,
1630,
1631,
1632,
1633,
1634,
1635,
1636,
1637,
1638,
1639,
1640,
1641,
1642,
1643,
1644,
1645,
1646,
1647,
1648,
1649,
1650,
1651,
1652,
1653,
1654,
1655,
1656,
1657,
1658,
1659,
1660,
1661,
1662,
1663,
1664,
1665,
1666,
1667,
1668,
1669,
1670,
1671,
1672,
1673,
1674,
1675,
1676,
1677,
1678,
1679,
1680,
1681,
1682,
1683,
1684,
1685,
1686,
1687,
1688,
1689,
1690,
1691,
1692,
1693,
1694,
1695,
1696,
1697,
1698,
1699,
1700,
1701,
1702,
1703,
1704,
1705,
1706,
1707,
1708,
1709,
1710,
1711,
1712,
1713,
1714,
1715,
1716,
1717,
1718,
1719,
1720,
1721,
1722,
1723,
1724,
1725,
1726,
1727,
1728,
1729,
1730,
1731,
1732,
1733,
1734,
1735,
1736,
1737,
1738,
1739,
1740,
1741,
1742,
1743,
1744,
1745,
1746,
1747,
1748,
1749,
1750,
1751,
1752,
1753,
1754,
1755,
1756,
1757,
1758,
1759,
1760,
1761,
1762,
1763,
1764,
1765,
1766,
1767,
1768,
1769,
1770,
1771,
1772,
1773,
1774,
1775,
1776,
1777,
1778,
1779,
1780,
1781,
1782,
1783,
1784,
1785,
1786,
1787,
1788,
1789,
1790,
1791,
1792,
1793,
1794,
1795,
1796,
1797,
1798,
1799,
1800,
1801,
1802,
1803,
1804,
1805,
1806,
1807,
1808,
1809,
1810,
1811,
1812,
1813,
1814,
1815,
1816,
1817,
1818,
1819,
1820,
1821,
1822,
1823,
1824,
1825,
1826,
1827,
1828,
1829,
1830,
1831,
1832,
1833,
1834,
1835,
1836,
1837,
1838,
1839,
1840,
1841,
1842,
1843,
1844,
1845,
1846,
1847,
1848,
1849,
1850,
1851,
1852,
1853,
1854,
1855,
1856,
1857,
1858,
1859,
1860,
1861,
1862,
1863,
1864,
1865,
1866,
1867,
1868,
1869,
1870,
1871,
1872,
1873,
1874,
1875,
1876,
1877,
1878,
1879,
1880,
1881,
1882,
1883,
1884,
1885,
1886,
1887,
1888,
1889,
1890,
1891,
1892,
1893,
1894,
1895,
1896,
1897,
1898,
1899,
1900,
1901,
1902,
1903,
1904,
1905,
1906,
1907,
1908,
1909,
1910,
1911,
1912,
1913,
1914,
1915,
1916,
1917,
1918,
1919,
1920,
1921,
1922,
1923,
1924,
1925,
1926,
1927,
1928,
1929,
1930,
1931,
1932,
1933,
1934,
1935,
1936,
1937,
1938,
1939,
1940,
1941,
1942,
1943,
1944,
1945,
1946,
1947,
1948,
1949,
1950,
1951,
1952,
1953,
1954,
1955,
1956,
1957,
1958,
1959,
1960,
1961,
1962,
1963,
1964,
1965,
1966,
1967,
1968,
1969,
1970,
1971,
1972,
1973,
1974,
1975,
1976,
1977,
1978,
1979,
1980,
1981,
1982,
1983,
1984,
1985,
1986,
1987,
1988,
1989,
1990,
1991,
1992,
1993,
1994,
1995,
1996,
1997,
1998,
1999,
2000,
2001,
2002,
2003,
2004,
2005,
2006,
2007,
2008,
2009,
2010,
2011,
2012,
2013,
2014,
2015,
2016,
2017,
2018,
2019,
2020,
2021,
2022,
2023,
2024,
2025,
2026,
2027,
2028,
2029,
2030,
2031,
2032,
2033,
2034,
2035,
2036,
2037,
2038,
2039,
2040,
2041,
2042,
2043,
2044,
2045,
2046,
2047,
2048,
2049,
2050,
2051,
2052,
2053,
2054,
2055,
2056,
2057,
2058,
2059,
2060,
2061,
2062,
2063,
2064,
2065,
2066,
2067,
2068,
2069,
2070,
2071,
2072,
2073,
2074,
2075,
2076,
2077,
2078,
2079,
2080,
2081,
2082,
2083,
2084,
2085,
2086,
2087,
2088,
2089,
2090,
2091,
2092,
2093,
2094,
2095,
2096,
2097,
2098,
2099,
2100,
2101,
2102,
2103,
2104,
2105,
2106,
2107,
2108,
2109,
2110,
2111,
2112,
2113,
2114,
2115,
2116,
2117,
2118,
2119,
2120,
2121,
2122,
2123,
2124,
2125,
2126,
2127,
2128,
2129,
2130,
2131,
2132,
2133,
2134,
2135,
2136,
2137,
2138,
2139,
2140,
2141,
2142,
2143,
2144,
2145,
2146,
2147,
2148,
2149,
2150,
2151,
2152,
2153,
2154,
2155,
2156,
2157,
2158,
2159,
2160,
2161,
2162,
2163,
2164,
2165,
2166,
2167,
2168,
2169,
2170,
2171,
2172,
2173,
2174,
2175,
2176,
2177,
2178,
2179,
2180,
2181,
2182,
2183,
2184,
2185,
2186,
2187,
2188,
2189,
2190,
2191,
2192,
2193,
2194,
2195,
2196,
2197,
2198,
2199,
2200,
2201,
2202,
2203,
2204,
2205,
2206,
2207,
2208,
2209,
2210,
2211,
2212,
2213,
2214,
2215,
2216,
2217,
2218,
2219,
2220,
2221,
2222,
2223,
2224,
2225,
2226,
2227,
2228,
2229,
2230,
2231,
2232,
2233,
2234,
2235,
2236,
2237,
2238,
2239,
2240,
2241,
2242,
2243,
2244,
2245,
2246,
2247,
2248,
2249,
2250,
2251,
2252,
2253,
2254,
2255,
2256,
2257,
2258,
2259,
2260,
2261,
2262,
2263,
2264,
2265,
2266,
2267,
2268,
2269,
2270,
2271,
2272,
2273,
2274,
2275,
2276,
2277,
2278,
2279,
2280,
2281,
2282,
2283,
2284,
2285,
2286,
2287,
2288,
2289,
2290,
2291,
2292,
2293,
2294,
2295,
2296,
2297,
2298,
2299,
2300,
2301,
2302,
2303,
2304,
2305,
2306,
2307,
2308,
2309,
2310,
2311,
2312,
2313,
2314,
2315,
2316,
2317,
2318,
2319,
2320,
2321,
2322,
2323,
2324,
2325,
2326,
2327,
2328,
2329,
2330,
2331,
2332,
2333,
2334,
2335,
2336,
2337,
2338,
2339,
2340,
2341,
2342,
2343,
2344,
2345,
2346,
2347,
2348,
2349,
2350,
2351,
2352,
2353,
2354,
2355,
2356,
2357,
2358,
2359,
2360,
2361,
2362,
2363,
2364,
2365,
2366,
2367,
2368,
2369,
2370,
2371,
2372,
2373,
2374,
2375,
2376,
2377,
2378,
2379,
2380,
2381,
2382,
2383,
2384,
2385,
2386,
2387,
2388,
2389,
2390,
2391,
2392,
2393,
2394,
2395,
2396,
2397,
2398,
2399,
2400,
2401,
2402,
2403,
2404,
2405,
2406,
2407,
2408,
2409,
2410,
2411,
2412,
2413,
2414,
2415,
2416,
2417,
2418,
2419,
2420,
2421,
2422,
2423,
2424,
2425,
2426,
2427,
2428,
2429,
2430,
2431,
2432,
2433,
2434,
2435,
2436,
2437,
2438,
2439,
2440,
2441,
2442,
2443,
2444,
2445,
2446,
2447,
2448,
2449,
2450,
2451,
2452,
2453,
2454,
2455,
2456,
2457,
2458,
2459,
2460,
2461,
2462,
2463,
2464,
2465,
2466,
2467,
2468,
2469,
2470,
2471,
2472,
2473,
2474,
2475,
2476,
2477,
2478,
2479,
2480,
2481,
2482,
2483,
2484,
2485,
2486,
2487,
2488,
2489,
2490,
2491,
2492,
2493,
2494,
2495,
2496,
2497,
2498,
2499,
2500,
2501,
2502,
2503,
2504,
2505,
2506,
2507,
2508,
2509,
2510,
2511,
2512,
2513,
2514,
2515,
2516,
2517,
2518,
2519,
2520,
2521,
2522,
2523,
2524,
2525,
2526,
2527,
2528,
2529,
2530,
2531,
2532,
2533,
2534,
2535,
2536,
2537,
2538,
2539,
2540,
2541,
2542,
2543,
2544,
2545,
2546,
2547,
2548,
2549,
2550,
2551,
2552,
2553,
2554,
2555,
2556,
2557,
2558,
2559,
2560,
2561,
2562,
2563,
2564,
2565,
2566,
2567,
2568,
2569,
2570,
2571,
2572,
2573,
2574,
2575,
2576,
2577,
2578,
2579,
2580,
2581,
2582,
2583,
2584,
2585,
2586,
2587,
2588,
2589,
2590,
2591,
2592,
2593,
2594,
2595,
2596,
2597,
2598,
2599,
2600,
2601,
2602,
2603,
2604,
2605,
2606,
2607,
2608,
2609,
2610,
2611,
2612,
2613,
2614,
2615,
2616,
2617,
2618,
2619,
2620,
2621,
2622,
2623,
2624,
2625,
2626,
2627,
2628,
2629,
2630,
2631,
2632,
2633,
2634,
2635,
2636,
2637,
2638,
2639,
2640,
2641,
2642,
2643,
2644,
2645,
2646,
2647,
2648,
2649,
2650,
2651,
2652,
2653,
2654,
2655,
2656,
2657,
2658,
2659,
2660,
2661,
2662,
2663,
2664,
2665,
2666,
2667,
2668,
2669,
2670,
2671,
2672,
2673,
2674,
2675,
2676,
2677,
2678,
2679,
2680,
2681,
2682,
2683,
2684,
2685,
2686,
2687,
2688,
2689,
2690,
2691,
2692,
2693,
2694,
2695,
2696,
2697,
2698,
2699,
2700,
2701,
2702,
2703,
2704,
2705,
2706,
2707,
2708,
2709,
2710,
2711,
2712,
2713,
2714,
2715,
2716,
2717,
2718,
2719,
2720,
2721,
2722,
2723,
2724,
2725,
2726,
2727,
2728,
2729,
2730,
2731,
2732,
2733,
2734,
2735,
2736,
2737,
2738,
2739,
2740,
2741,
2742,
2743,
2744,
2745,
2746,
2747,
2748,
2749,
2750,
2751,
2752,
2753,
2754,
2755,
2756,
2757,
2758,
2759,
2760,
2761,
2762,
2763,
2764,
2765,
2766,
2767,
2768,
2769,
2770,
2771,
2772,
2773,
2774,
2775,
2776,
2777,
2778,
2779,
2780,
2781,
2782,
2783,
2784,
2785,
2786,
2787,
2788,
2789,
2790,
2791,
2792,
2793,
2794,
2795,
2796,
2797,
2798,
2799,
2800,
2801,
2802,
2803,
2804,
2805,
2806,
2807,
2808,
2809,
2810,
2811,
2812,
2813,
2814,
2815,
2816,
2817,
2818,
2819,
2820,
2821,
2822,
2823,
2824,
2825,
2826,
2827,
2828,
2829,
2830,
2831,
2832,
2833,
2834,
2835,
2836,
2837,
2838,
2839,
2840,
2841,
2842,
2843,
2844,
2845,
2846,
2847,
2848,
2849,
2850,
2851,
2852,
2853,
2854,
2855,
2856,
2857,
2858,
2859,
2860,
2861,
2862,
2863,
2864,
2865,
2866,
2867,
2868,
2869,
2870,
2871,
2872,
2873,
2874,
2875,
2876,
2877,
2878,
2879,
2880,
2881,
2882,
2883,
2884,
2885,
2886,
2887,
2888,
2889,
2890,
2891,
2892,
2893,
2894,
2895,
2896,
2897,
2898,
2899,
2900,
2901,
2902,
2903,
2904,
2905,
2906,
2907,
2908,
2909,
2910,
2911,
2912,
2913,
2914,
2915,
2916,
2917,
2918,
2919,
2920,
2921,
2922,
2923,
2924,
2925,
2926,
2927,
2928,
2929,
2930,
2931,
2932,
2933,
2934,
2935,
2936,
2937,
2938,
2939,
2940,
2941,
2942,
2943,
2944,
2945,
2946,
2947,
2948,
2949,
2950,
2951,
2952,
2953,
2954,
2955,
2956,
2957,
2958,
2959,
2960,
2961,
2962,
2963,
2964,
2965,
2966,
2967,
2968,
2969,
2970,
2971,
2972,
2973,
2974,
2975,
2976,
2977,
2978,
2979,
2980,
2981,
2982,
2983,
2984,
2985,
2986,
2987,
2988,
2989,
2990,
2991,
2992,
2993,
2994,
2995,
2996,
2997,
2998,
2999,
3000,
3001,
3002,
3003,
3004,
3005,
3006,
3007,
3008,
3009,
3010,
3011,
3012,
3013,
3014,
3015,
3016,
3017,
3018,
3019,
3020,
3021,
3022,
3023,
3024,
3025,
3026,
3027,
3028,
3029,
3030,
3031,
3032,
3033,
3034,
3035,
3036,
3037,
3038,
3039,
3040,
3041,
3042,
3043,
3044,
3045,
3046,
3047,
3048,
3049,
3050,
3051,
3052,
3053,
3054,
3055,
3056,
3057,
3058,
3059,
3060,
3061,
3062,
3063,
3064,
3065,
3066,
3067,
3068,
3069,
3070,
3071,
3072,
3073,
3074,
3075,
3076,
3077,
3078,
3079,
3080,
3081,
3082,
3083,
3084,
3085,
3086,
3087,
3088,
3089,
3090,
3091,
3092,
3093,
3094,
3095,
3096,
3097,
3098,
3099,
3100,
3101,
3102,
3103,
3104,
3105,
3106,
3107,
3108,
3109,
3110,
3111,
3112,
3113,
3114,
3115,
3116,
3117,
3118,
3119,
3120,
3121,
3122,
3123,
3124,
3125,
3126,
3127,
3128,
3129,
3130,
3131,
3132,
3133,
3134,
3135,
3136,
3137,
3138,
3139,
3140,
3141,
3142,
3143,
3144,
3145,
3146,
3147,
3148,
3149,
3150,
3151,
3152,
3153,
3154,
3155,
3156,
3157,
3158,
3159,
3160,
3161,
3162,
3163,
3164,
3165,
3166,
3167,
3168,
3169,
3170,
3171,
3172,
3173,
3174,
3175,
3176,
3177,
3178,
3179,
3180,
3181,
3182,
3183,
3184,
3185,
3186,
3187,
3188,
3189,
3190,
3191,
3192,
3193,
3194,
3195,
3196,
3197,
3198,
3199,
3200,
3201,
3202,
3203,
3204,
3205,
3206,
3207,
3208,
3209,
3210,
3211,
3212,
3213,
3214,
3215,
3216,
3217,
3218,
3219,
3220,
3221,
3222,
3223,
3224,
3225,
3226,
3227,
3228,
3229,
3230,
3231,
3232,
3233,
3234,
3235,
3236,
3237,
3238,
3239,
3240,
3241,
3242,
3243,
3244,
3245,
3246,
3247,
3248,
3249,
3250,
3251,
3252,
3253,
3254,
3255,
3256,
3257,
3258,
3259,
3260,
3261,
3262,
3263,
3264,
3265,
3266,
3267,
3268,
3269,
3270,
3271,
3272,
3273,
3274,
3275,
3276,
3277,
3278,
3279,
3280,
3281,
3282,
3283,
3284,
3285,
3286,
3287,
3288,
3289,
3290,
3291,
3292,
3293,
3294,
3295,
3296,
3297,
3298,
3299,
3300,
3301,
3302,
3303,
3304,
3305,
3306,
3307,
3308,
3309,
3310,
3311,
3312,
3313,
3314,
3315,
3316,
3317,
3318,
3319,
3320,
3321,
3322,
3323,
3324,
3325,
3326,
3327,
3328,
3329,
3330,
3331,
3332,
3333,
3334,
3335,
3336,
3337,
3338,
3339,
3340,
3341,
3342,
3343,
3344,
3345,
3346,
3347,
3348,
3349,
3350,
3351,
3352,
3353,
3354,
3355,
3356,
3357,
3358,
3359,
3360,
3361,
3362,
3363,
3364,
3365,
3366,
3367,
3368,
3369,
3370,
3371,
3372,
3373,
3374,
3375,
3376,
3377,
3378,
3379,
3380,
3381,
3382,
3383,
3384,
3385,
3386,
3387,
3388,
3389,
3390,
3391,
3392,
3393,
3394,
3395,
3396,
3397,
3398,
3399,
3400,
3401,
3402,
3403,
3404,
3405,
3406,
3407,
3408,
3409,
3410,
3411,
3412,
3413,
3414,
3415,
3416,
3417,
3418,
3419,
3420,
3421,
3422,
3423,
3424,
3425,
3426,
3427,
3428,
3429,
3430,
3431,
3432,
3433,
3434,
3435,
3436,
3437,
3438,
3439,
3440,
3441,
3442,
3443,
3444,
3445,
3446,
3447,
3448,
3449,
3450,
3451,
3452,
3453,
3454,
3455,
3456,
3457,
3458,
3459,
3460,
3461,
3462,
3463,
3464,
3465,
3466,
3467,
3468,
3469,
3470,
3471,
3472,
3473,
3474,
3475,
3476,
3477,
3478,
3479,
3480,
3481,
3482,
3483,
3484,
3485,
3486,
3487,
3488,
3489,
3490,
3491,
3492,
3493,
3494,
3495,
3496,
3497,
3498,
3499,
3500,
3501,
3502,
3503,
3504,
3505,
3506,
3507,
3508,
3509,
3510,
3511,
3512,
3513,
3514,
3515,
3516,
3517,
3518,
3519,
3520,
3521,
3522,
3523,
3524,
3525,
3526,
3527,
3528,
3529,
3530,
3531,
3532,
3533,
3534,
3535,
3536,
3537,
3538,
3539,
3540,
3541,
3542,
3543,
3544,
3545,
3546,
3547,
3548,
3549,
3550,
3551,
3552,
3553,
3554,
3555,
3556,
3557,
3558,
3559,
3560,
3561,
3562,
3563,
3564,
3565,
3566,
3567,
3568,
3569,
3570,
3571,
3572,
3573,
3574,
3575,
3576,
3577,
3578,
3579,
3580,
3581,
3582,
3583,
3584,
3585,
3586,
3587,
3588,
3589,
3590,
3591,
3592,
3593,
3594,
3595,
3596,
3597,
3598,
3599,
3600,
3601,
3602,
3603,
3604,
3605,
3606,
3607,
3608,
3609,
3610,
3611,
3612,
3613,
3614,
3615,
3616,
3617,
3618,
3619,
3620,
3621,
3622,
3623,
3624,
3625,
3626,
3627,
3628,
3629,
3630,
3631,
3632,
3633,
3634,
3635,
3636,
3637,
3638,
3639,
3640,
3641,
3642,
3643,
3644,
3645,
3646,
3647,
3648,
3649,
3650,
3651,
3652,
3653,
3654,
3655,
3656,
3657,
3658,
3659,
3660,
3661,
3662,
3663,
3664,
3665,
3666,
3667,
3668,
3669,
3670,
3671,
3672,
3673,
3674,
3675,
3676,
3677,
3678,
3679,
3680,
3681,
3682,
3683,
3684,
3685,
3686,
3687,
3688,
3689,
3690,
3691,
3692,
3693,
3694,
3695,
3696,
3697,
3698,
3699,
3700,
3701,
3702,
3703,
3704,
3705,
3706,
3707,
3708,
3709,
3710,
3711,
3712,
3713,
3714,
3715,
3716,
3717,
3718,
3719,
3720,
3721,
3722,
3723,
3724,
3725,
3726,
3727,
3728,
3729,
3730,
3731,
3732,
3733,
3734,
3735,
3736,
3737,
3738,
3739,
3740,
3741,
3742,
3743,
3744,
3745,
3746,
3747,
3748,
3749,
3750,
3751,
3752,
3753,
3754,
3755,
3756,
3757,
3758,
3759,
3760,
3761,
3762,
3763,
3764,
3765,
3766,
3767,
3768,
3769,
3770,
3771,
3772,
3773,
3774,
3775,
3776,
3777,
3778,
3779,
3780,
3781,
3782,
3783,
3784,
3785,
3786,
3787,
3788,
3789,
3790,
3791,
3792,
3793,
3794,
3795,
3796,
3797,
3798,
3799,
3800,
3801,
3802,
3803,
3804,
3805,
3806,
3807,
3808,
3809,
3810,
3811,
3812,
3813,
3814,
3815,
3816,
3817,
3818,
3819,
3820,
3821,
3822,
3823,
3824,
3825,
3826,
3827,
3828,
3829,
3830,
3831,
3832,
3833,
3834,
3835,
3836,
3837,
3838,
3839,
3840,
3841,
3842,
3843,
3844,
3845,
3846,
3847,
3848,
3849,
3850,
3851,
3852,
3853,
3854,
3855,
3856,
3857,
3858,
3859,
3860,
3861,
3862,
3863,
3864,
3865,
3866,
3867,
3868,
3869,
3870,
3871,
3872,
3873,
3874,
3875,
3876,
3877,
3878,
3879,
3880,
3881,
3882,
3883,
3884,
3885,
3886,
3887,
3888,
3889,
3890,
3891,
3892,
3893,
3894,
3895,
3896,
3897,
3898,
3899,
3900,
3901,
3902,
3903,
3904,
3905,
3906,
3907,
3908,
3909,
3910,
3911,
3912,
3913,
3914,
3915,
3916,
3917,
3918,
3919,
3920,
3921,
3922,
3923,
3924,
3925,
3926,
3927,
3928,
3929,
3930,
3931,
3932,
3933,
3934,
3935,
3936,
3937,
3938,
3939,
3940,
3941,
3942,
3943,
3944,
3945,
3946,
3947,
3948,
3949,
3950,
3951,
3952,
3953,
3954,
3955,
3956,
3957,
3958,
3959,
3960,
3961,
3962,
3963,
3964,
3965,
3966,
3967,
3968,
3969,
3970,
3971,
3972,
3973,
3974,
3975,
3976,
3977,
3978,
3979,
3980,
3981,
3982,
3983,
3984,
3985,
3986,
3987,
3988,
3989,
3990,
3991,
3992,
3993,
3994,
3995,
3996,
3997,
3998,
3999,
4000,
4001,
4002,
4003,
4004,
4005,
4006,
4007,
4008,
4009,
4010,
4011,
4012,
4013,
4014,
4015,
4016,
4017,
4018,
4019,
4020,
4021,
4022,
4023,
4024,
4025,
4026,
4027,
4028,
4029,
4030,
4031,
4032,
4033,
4034,
4035,
4036,
4037,
4038,
4039,
4040,
4041,
4042,
4043,
4044,
4045,
4046,
4047,
4048,
4049,
4050,
4051,
4052,
4053,
4054,
4055,
4056,
4057,
4058,
4059,
4060,
4061,
4062,
4063,
4064,
4065,
4066,
4067,
4068,
4069,
4070,
4071,
4072,
4073,
4074,
4075,
4076,
4077,
4078,
4079,
4080,
4081,
4082,
4083,
4084,
4085,
4086,
4087,
4088,
4089,
4090,
4091,
4092,
4093,
4094,
4095,
4096,
4097,
4098,
4099,
4100,
4101,
4102,
4103,
4104,
4105,
4106,
4107,
4108,
4109,
4110,
4111,
4112,
4113,
4114,
4115,
4116,
4117,
4118,
4119,
4120,
4121,
4122,
4123,
4124,
4125,
4126,
4127,
4128,
4129,
4130,
4131,
4132,
4133,
4134,
4135,
4136,
4137,
4138,
4139,
4140,
4141,
4142,
4143,
4144,
4145,
4146,
4147,
4148,
4149,
4150,
4151,
4152,
4153,
4154,
4155,
4156,
4157,
4158,
4159,
4160,
4161,
4162,
4163,
4164,
4165,
4166,
4167,
4168,
4169,
4170,
4171,
4172,
4173,
4174,
4175,
4176,
4177,
4178,
4179,
4180,
4181,
4182,
4183,
4184,
4185,
4186,
4187,
4188,
4189,
4190,
4191,
4192,
4193,
4194,
4195,
4196,
4197,
4198,
4199,
4200,
4201,
4202,
4203,
4204,
4205,
4206,
4207,
4208,
4209,
4210,
4211,
4212,
4213,
4214,
4215,
4216,
4217,
4218,
4219,
4220,
4221,
4222,
4223,
4224,
4225,
4226,
4227,
4228,
4229,
4230,
4231,
4232,
4233,
4234,
4235,
4236,
4237,
4238,
4239,
4240,
4241,
4242,
4243,
4244,
4245,
4246,
4247,
4248,
4249,
4250,
4251,
4252,
4253,
4254,
4255,
4256,
4257,
4258,
4259,
4260,
4261,
4262,
4263,
4264,
4265,
4266,
4267,
4268,
4269,
4270,
4271,
4272,
4273,
4274,
4275,
4276,
4277,
4278,
4279,
4280,
4281,
4282,
4283,
4284,
4285,
4286,
4287,
4288,
4289,
4290,
4291,
4292,
4293,
4294,
4295,
4296,
4297,
4298,
4299,
4300,
4301,
4302,
4303,
4304,
4305,
4306,
4307,
4308,
4309,
4310,
4311,
4312,
4313,
4314,
4315,
4316,
4317,
4318,
4319,
4320,
4321,
4322,
4323,
4324,
4325,
4326,
4327,
4328,
4329,
4330,
4331,
4332,
4333,
4334,
4335,
4336,
4337,
4338,
4339,
4340,
4341,
4342,
4343,
4344,
4345,
4346,
4347,
4348,
4349,
4350,
4351,
4352,
4353,
4354,
4355,
4356,
4357,
4358,
4359,
4360,
4361,
4362,
4363,
4364,
4365,
4366,
4367,
4368,
4369,
4370,
4371,
4372,
4373,
4374,
4375,
4376,
4377,
4378,
4379,
4380,
4381,
4382,
4383,
4384,
4385,
4386,
4387,
4388,
4389,
4390,
4391,
4392,
4393,
4394,
4395,
4396,
4397,
4398,
4399,
4400,
4401,
4402,
4403,
4404,
4405,
4406,
4407,
4408,
4409,
4410,
4411,
4412,
4413,
4414,
4415,
4416,
4417,
4418,
4419,
4420,
4421,
4422,
4423,
4424,
4425,
4426,
4427,
4428,
4429,
4430,
4431,
4432,
4433,
4434,
4435,
4436,
4437,
4438,
4439,
4440,
4441,
4442,
4443,
4444,
4445,
4446,
4447,
4448,
4449,
4450,
4451,
4452,
4453,
4454,
4455,
4456,
4457,
4458,
4459,
4460,
4461,
4462,
4463,
4464,
4465,
4466,
4467,
4468,
4469,
4470,
4471,
4472,
4473,
4474,
4475,
4476,
4477,
4478,
4479,
4480,
4481,
4482,
4483,
4484,
4485,
4486,
4487,
4488,
4489,
4490,
4491,
4492,
4493,
4494,
4495,
4496,
4497,
4498,
4499,
4500,
4501,
4502,
4503,
4504,
4505,
4506,
4507,
4508,
4509,
4510,
4511,
4512,
4513,
4514,
4515,
4516,
4517,
4518,
4519,
4520,
4521,
4522,
4523,
4524,
4525,
4526,
4527,
4528,
4529,
4530,
4531,
4532,
4533,
4534,
4535,
4536,
4537,
4538,
4539,
4540,
4541,
4542,
4543,
4544,
4545,
4546,
4547,
4548,
4549,
4550,
4551,
4552,
4553,
4554,
4555,
4556,
4557,
4558,
4559,
4560,
4561,
4562,
4563,
4564,
4565,
4566,
4567,
4568,
4569,
4570,
4571,
4572,
4573,
4574,
4575,
4576,
4577,
4578,
4579,
4580,
4581,
4582,
4583,
4584,
4585,
4586,
4587,
4588,
4589,
4590,
4591,
4592,
4593,
4594,
4595,
4596,
4597,
4598,
4599,
4600,
4601,
4602,
4603,
4604,
4605,
4606,
4607,
4608,
4609,
4610,
4611,
4612,
4613,
4614,
4615,
4616,
4617,
4618,
4619,
4620,
4621,
4622,
4623,
4624,
4625,
4626,
4627,
4628,
4629,
4630,
4631,
4632,
4633,
4634,
4635,
4636,
4637,
4638,
4639,
4640,
4641,
4642,
4643,
4644,
4645,
4646,
4647,
4648,
4649,
4650,
4651,
4652,
4653,
4654,
4655,
4656,
4657,
4658,
4659,
4660,
4661,
4662,
4663,
4664,
4665,
4666,
4667,
4668,
4669,
4670,
4671,
4672,
4673,
4674,
4675,
4676,
4677,
4678,
4679,
4680,
4681,
4682,
4683,
4684,
4685,
4686,
4687,
4688,
4689,
4690,
4691,
4692,
4693,
4694,
4695,
4696,
4697,
4698,
4699,
4700,
4701,
4702,
4703,
4704,
4705,
4706,
4707,
4708,
4709,
4710,
4711,
4712,
4713,
4714,
4715,
4716,
4717,
4718,
4719,
4720,
4721,
4722,
4723,
4724,
4725,
4726,
4727,
4728,
4729,
4730,
4731,
4732,
4733,
4734,
4735,
4736,
4737,
4738,
4739,
4740,
4741,
4742,
4743,
4744,
4745,
4746,
4747,
4748,
4749,
4750,
4751,
4752,
4753,
4754,
4755,
4756,
4757,
4758,
4759,
4760,
4761,
4762,
4763,
4764,
4765,
4766,
4767,
4768,
4769,
4770,
4771,
4772,
4773,
4774,
4775,
4776,
4777,
4778,
4779,
4780,
4781,
4782,
4783,
4784,
4785,
4786,
4787,
4788,
4789,
4790,
4791,
4792,
4793,
4794,
4795,
4796,
4797,
4798,
4799,
4800,
4801,
4802,
4803,
4804,
4805,
4806,
4807,
4808,
4809,
4810,
4811,
4812,
4813,
4814,
4815,
4816,
4817,
4818,
4819,
4820,
4821,
4822,
4823,
4824,
4825,
4826,
4827,
4828,
4829,
4830,
4831,
4832,
4833,
4834,
4835,
4836,
4837,
4838,
4839,
4840,
4841,
4842,
4843,
4844,
4845,
4846,
4847,
4848,
4849,
4850,
4851,
4852,
4853,
4854,
4855,
4856,
4857,
4858,
4859,
4860,
4861,
4862,
4863,
4864,
4865,
4866,
4867,
4868,
4869,
4870,
4871,
4872,
4873,
4874,
4875,
4876,
4877,
4878,
4879,
4880,
4881,
4882,
4883,
4884,
4885,
4886,
4887,
4888,
4889,
4890,
4891,
4892,
4893,
4894,
4895,
4896,
4897,
4898,
4899,
4900,
4901,
4902,
4903,
4904,
4905,
4906,
4907,
4908,
4909,
4910,
4911,
4912,
4913,
4914,
4915,
4916,
4917,
4918,
4919,
4920,
4921,
4922,
4923,
4924,
4925,
4926,
4927,
4928,
4929,
4930,
4931,
4932,
4933,
4934,
4935,
4936,
4937,
4938,
4939,
4940,
4941,
4942,
4943,
4944,
4945,
4946,
4947,
4948,
4949,
4950,
4951,
4952,
4953,
4954,
4955,
4956,
4957,
4958,
4959,
4960,
4961,
4962,
4963,
4964,
4965,
4966,
4967,
4968,
4969,
4970,
4971,
4972,
4973,
4974,
4975,
4976,
4977,
4978,
4979,
4980,
4981,
4982,
4983,
4984,
4985,
4986,
4987,
4988,
4989,
4990,
4991,
4992,
4993,
4994,
4995,
4996,
4997,
4998,
4999,
5000,
5001,
5002,
5003,
5004,
5005,
5006,
5007,
5008,
5009,
5010,
5011,
5012,
5013,
5014,
5015,
5016,
5017,
5018,
5019,
5020,
5021,
5022,
5023,
5024,
5025,
5026,
5027,
5028,
5029,
5030,
5031,
5032,
5033,
5034,
5035,
5036,
5037,
5038,
5039,
5040,
5041,
5042,
5043,
5044,
5045,
5046,
5047,
5048,
5049,
5050,
5051,
5052,
5053,
5054,
5055,
5056,
5057,
5058,
5059,
5060,
5061,
5062,
5063,
5064,
5065,
5066,
5067,
5068,
5069,
5070,
5071,
5072,
5073,
5074,
5075,
5076,
5077,
5078,
5079,
5080,
5081,
5082,
5083,
5084,
5085,
5086,
5087,
5088,
5089,
5090,
5091,
5092,
5093,
5094,
5095,
5096,
5097,
5098,
5099,
5100,
5101,
5102,
5103,
5104,
5105,
5106,
5107,
5108,
5109,
5110,
5111,
5112,
5113,
5114,
5115,
5116,
5117,
5118,
5119,
5120,
5121,
5122,
5123,
5124,
5125,
5126,
5127,
5128,
5129,
5130,
5131,
5132,
5133,
5134,
5135,
5136,
5137,
5138,
5139,
5140,
5141,
5142,
5143,
5144,
5145,
5146,
5147,
5148,
5149,
5150,
5151,
5152,
5153,
5154,
5155,
5156,
5157,
5158,
5159,
5160,
5161,
5162,
5163,
5164,
5165,
5166,
5167,
5168,
5169,
5170,
5171,
5172,
5173,
5174,
5175,
5176,
5177,
5178,
5179,
5180,
5181,
5182,
5183,
5184,
5185,
5186,
5187,
5188,
5189,
5190,
5191,
5192,
5193,
5194,
5195,
5196,
5197,
5198,
5199,
5200,
5201,
5202,
5203,
5204,
5205,
5206,
5207,
5208,
5209,
5210,
5211,
5212,
5213,
5214,
5215,
5216,
5217,
5218,
5219,
5220,
5221,
5222,
5223,
5224,
5225,
5226,
5227,
5228,
5229,
5230,
5231,
5232,
5233,
5234,
5235,
5236,
5237,
5238,
5239,
5240,
5241,
5242,
5243,
5244,
5245,
5246,
5247,
5248,
5249,
5250,
5251,
5252,
5253,
5254,
5255,
5256,
5257,
5258,
5259,
5260,
5261,
5262,
5263,
5264,
5265,
5266,
5267,
5268,
5269,
5270,
5271,
5272,
5273,
5274,
5275,
5276,
5277,
5278,
5279,
5280,
5281,
5282,
5283,
5284,
5285,
5286,
5287,
5288,
5289,
5290,
5291,
5292,
5293,
5294,
5295,
5296,
5297,
5298,
5299,
5300,
5301,
5302,
5303,
5304,
5305,
5306,
5307,
5308,
5309,
5310,
5311,
5312,
5313,
5314,
5315,
5316,
5317,
5318,
5319,
5320,
5321,
5322,
5323,
5324,
5325,
5326,
5327,
5328,
5329,
5330,
5331,
5332,
5333,
5334,
5335,
5336,
5337,
5338,
5339,
5340,
5341,
5342,
5343,
5344,
5345,
5346,
5347,
5348,
5349,
5350,
5351,
5352,
5353,
5354,
5355,
5356,
5357,
5358,
5359,
5360,
5361,
5362,
5363,
5364,
5365,
5366,
5367,
5368,
5369,
5370,
5371,
5372,
5373,
5374,
5375,
5376,
5377,
5378,
5379,
5380,
5381,
5382,
5383,
5384,
5385,
5386,
5387,
5388,
5389,
5390,
5391,
5392,
5393,
5394,
5395,
5396,
5397,
5398,
5399,
5400,
5401,
5402,
5403,
5404,
5405,
5406,
5407,
5408,
5409,
5410,
5411,
5412,
5413,
5414,
5415,
5416,
5417,
5418,
5419,
5420,
5421,
5422,
5423,
5424,
5425,
5426,
5427,
5428,
5429,
5430,
5431,
5432,
5433,
5434,
5435,
5436,
5437,
5438,
5439,
5440,
5441,
5442,
5443,
5444,
5445,
5446,
5447,
5448,
5449,
5450,
5451,
5452,
5453,
5454,
5455,
5456,
5457,
5458,
5459,
5460,
5461,
5462,
5463,
5464,
5465,
5466,
5467,
5468,
5469,
5470,
5471,
5472,
5473,
5474,
5475,
5476,
5477,
5478,
5479,
5480,
5481,
5482,
5483,
5484,
5485,
5486,
5487,
5488,
5489,
5490,
5491,
5492,
5493,
5494,
5495,
5496,
5497,
5498,
5499,
5500,
5501,
5502,
5503,
5504,
5505,
5506,
5507,
5508,
5509,
5510,
5511,
5512,
5513,
5514,
5515,
5516,
5517,
5518,
5519,
5520,
5521,
5522,
5523,
5524,
5525,
5526,
5527,
5528,
5529,
5530,
5531,
5532,
5533,
5534,
5535,
5536,
5537,
5538,
5539,
5540,
5541,
5542,
5543,
5544,
5545,
5546,
5547,
5548,
5549,
5550,
5551,
5552,
5553,
5554,
5555,
5556,
5557,
5558,
5559,
5560,
5561,
5562,
5563,
5564,
5565,
5566,
5567,
5568,
5569,
5570,
5571,
5572,
5573,
5574,
5575,
5576,
5577,
5578,
5579,
5580,
5581,
5582,
5583,
5584,
5585,
5586,
5587,
5588,
5589,
5590,
5591,
5592,
5593,
5594,
5595,
5596,
5597,
5598,
5599,
5600,
5601,
5602,
5603,
5604,
5605,
5606,
5607,
5608,
5609,
5610,
5611,
5612,
5613,
5614,
5615,
5616,
5617,
5618,
5619,
5620,
5621,
5622,
5623,
5624,
5625,
5626,
5627,
5628,
5629,
5630,
5631,
5632,
5633,
5634,
5635,
5636,
5637,
5638,
5639,
5640,
5641,
5642,
5643,
5644,
5645,
5646,
5647,
5648,
5649,
5650,
5651,
5652,
5653,
5654,
5655,
5656,
5657,
5658,
5659,
5660,
5661,
5662,
5663,
5664,
5665,
5666,
5667,
5668,
5669,
5670,
5671,
5672,
5673,
5674,
5675,
5676,
5677,
5678,
5679,
5680,
5681,
5682,
5683,
5684,
5685,
5686,
5687,
5688,
5689,
5690,
5691,
5692,
5693,
5694,
5695,
5696,
5697,
5698,
5699,
5700,
5701,
5702,
5703,
5704,
5705,
5706,
5707,
5708,
5709,
5710,
5711,
5712,
5713,
5714,
5715,
5716,
5717,
5718,
5719,
5720,
5721,
5722,
5723,
5724,
5725,
5726,
5727,
5728,
5729,
5730,
5731,
5732,
5733,
5734,
5735,
5736,
5737,
5738,
5739,
5740,
5741,
5742,
5743,
5744,
5745,
5746,
5747,
5748,
5749,
5750,
5751,
5752,
5753,
5754,
5755,
5756,
5757,
5758,
5759,
5760,
5761,
5762,
5763,
5764,
5765,
5766,
5767,
5768,
5769,
5770,
5771,
5772,
5773,
5774,
5775,
5776,
5777,
5778,
5779,
5780,
5781,
5782,
5783,
5784,
5785,
5786,
5787,
5788,
5789,
5790,
5791,
5792,
5793,
5794,
5795,
5796,
5797,
5798,
5799,
5800,
5801,
5802,
5803,
5804,
5805,
5806,
5807,
5808,
5809,
5810,
5811,
5812,
5813,
5814,
5815,
5816,
5817,
5818,
5819,
5820,
5821,
5822,
5823,
5824,
5825,
5826,
5827,
5828,
5829,
5830,
5831,
5832,
5833,
5834,
5835,
5836,
5837,
5838,
5839,
5840,
5841,
5842,
5843,
5844,
5845,
5846,
5847,
5848,
5849,
5850,
5851,
5852,
5853,
5854,
5855,
5856,
5857,
5858,
5859,
5860,
5861,
5862,
5863,
5864,
5865,
5866,
5867,
5868,
5869,
5870,
5871,
5872,
5873,
5874,
5875,
5876,
5877,
5878,
5879,
5880,
5881,
5882,
5883,
5884,
5885,
5886,
5887,
5888,
5889,
5890,
5891,
5892,
5893,
5894,
5895,
5896,
5897,
5898,
5899,
5900,
5901,
5902,
5903,
5904,
5905,
5906,
5907,
5908,
5909,
5910,
5911,
5912,
5913,
5914,
5915,
5916,
5917,
5918,
5919,
5920,
5921,
5922,
5923,
5924,
5925,
5926,
5927,
5928,
5929,
5930,
5931,
5932,
5933,
5934,
5935,
5936,
5937,
5938,
5939,
5940,
5941,
5942,
5943,
5944,
5945,
5946,
5947,
5948,
5949,
5950,
5951,
5952,
5953,
5954,
5955,
5956,
5957,
5958,
5959,
5960,
5961,
5962,
5963,
5964,
5965,
5966,
5967,
5968,
5969,
5970,
5971,
5972,
5973,
5974,
5975,
5976,
5977,
5978,
5979,
5980,
5981,
5982,
5983,
5984,
5985,
5986,
5987,
5988,
5989,
5990,
5991,
5992,
5993,
5994,
5995,
5996,
5997,
5998,
5999,
6000,
6001,
6002,
6003,
6004,
6005,
6006,
6007,
6008,
6009,
6010,
6011,
6012,
6013,
6014,
6015,
6016,
6017,
6018,
6019,
6020,
6021,
6022,
6023,
6024,
6025,
6026,
6027,
6028,
6029,
6030,
6031,
6032,
6033,
6034,
6035,
6036,
6037,
6038,
6039,
6040,
6041,
6042,
6043,
6044,
6045,
6046,
6047,
6048,
6049,
6050,
6051,
6052,
6053,
6054,
6055,
6056,
6057,
6058,
6059,
6060,
6061,
6062,
6063,
6064,
6065,
6066,
6067,
6068,
6069,
6070,
6071,
6072,
6073,
6074,
6075,
6076,
6077,
6078,
6079,
6080,
6081,
6082,
6083,
6084,
6085,
6086,
6087,
6088,
6089,
6090,
6091,
6092,
6093,
6094,
6095,
6096,
6097,
6098,
6099,
6100,
6101,
6102,
6103,
6104,
6105,
6106,
6107,
6108,
6109,
6110,
6111,
6112,
6113,
6114,
6115,
6116,
6117,
6118,
6119,
6120,
6121,
6122,
6123,
6124,
6125,
6126,
6127,
6128,
6129,
6130,
6131,
6132,
6133,
6134,
6135,
6136,
6137,
6138,
6139,
6140,
6141,
6142,
6143,
6144,
6145,
6146,
6147,
6148,
6149,
6150,
6151,
6152,
6153,
6154,
6155,
6156,
6157,
6158,
6159,
6160,
6161,
6162,
6163,
6164,
6165,
6166,
6167,
6168,
6169,
6170,
6171,
6172,
6173,
6174,
6175,
6176,
6177,
6178,
6179,
6180,
6181,
6182,
6183,
6184,
6185,
6186,
6187,
6188,
6189,
6190,
6191,
6192,
6193,
6194,
6195,
6196,
6197,
6198,
6199,
6200,
6201,
6202,
6203,
6204,
6205,
6206,
6207,
6208,
6209,
6210,
6211,
6212,
6213,
6214,
6215,
6216,
6217,
6218,
6219,
6220,
6221,
6222,
6223,
6224,
6225,
6226,
6227,
6228,
6229,
6230,
6231,
6232,
6233,
6234,
6235,
6236,
6237,
6238,
6239,
6240,
6241,
6242,
6243,
6244,
6245,
6246,
6247,
6248,
6249,
6250,
6251,
6252,
6253,
6254,
6255,
6256,
6257,
6258,
6259,
6260,
6261,
6262,
6263,
6264,
6265,
6266,
6267,
6268,
6269,
6270,
6271,
6272,
6273,
6274,
6275,
6276,
6277,
6278,
6279,
6280,
6281,
6282,
6283,
6284,
6285,
6286,
6287,
6288,
6289,
6290,
6291,
6292,
6293,
6294,
6295,
6296,
6297,
6298,
6299,
6300,
6301,
6302,
6303,
6304,
6305,
6306,
6307,
6308,
6309,
6310,
6311,
6312,
6313,
6314,
6315,
6316,
6317,
6318,
6319,
6320,
6321,
6322,
6323,
6324,
6325,
6326,
6327,
6328,
6329,
6330,
6331,
6332,
6333,
6334,
6335,
6336,
6337,
6338,
6339,
6340,
6341,
6342,
6343,
6344,
6345,
6346,
6347,
6348,
6349,
6350,
6351,
6352,
6353,
6354,
6355,
6356,
6357,
6358,
6359,
6360,
6361,
6362,
6363,
6364,
6365,
6366,
6367,
6368,
6369,
6370,
6371,
6372,
6373,
6374,
6375,
6376,
6377,
6378,
6379,
6380,
6381,
6382,
6383,
6384,
6385,
6386,
6387,
6388,
6389,
6390,
6391,
6392,
6393,
6394,
6395,
6396,
6397,
6398,
6399,
6400,
6401,
6402,
6403,
6404,
6405,
6406,
6407,
6408,
6409,
6410,
6411,
6412,
6413,
6414,
6415,
6416,
6417,
6418,
6419,
6420,
6421,
6422,
6423,
6424,
6425,
6426,
6427,
6428,
6429,
6430,
6431,
6432,
6433,
6434,
6435,
6436,
6437,
6438,
6439,
6440,
6441,
6442,
6443,
6444,
6445,
6446,
6447,
6448,
6449,
6450,
6451,
6452,
6453,
6454,
6455,
6456,
6457,
6458,
6459,
6460,
6461,
6462,
6463,
6464,
6465,
6466,
6467,
6468,
6469,
6470,
6471,
6472,
6473,
6474,
6475,
6476,
6477,
6478,
6479,
6480,
6481,
6482,
6483,
6484,
6485,
6486,
6487,
6488,
6489,
6490,
6491,
6492,
6493,
6494,
6495,
6496,
6497,
6498,
6499,
6500,
6501,
6502,
6503,
6504,
6505,
6506,
6507,
6508,
6509,
6510,
6511,
6512,
6513,
6514,
6515,
6516,
6517,
6518,
6519,
6520,
6521,
6522,
6523,
6524,
6525,
6526,
6527,
6528,
6529,
6530,
6531,
6532,
6533,
6534,
6535,
6536,
6537,
6538,
6539,
6540,
6541,
6542,
6543,
6544,
6545,
6546,
6547,
6548,
6549,
6550,
6551,
6552,
6553,
6554,
6555,
6556,
6557,
6558,
6559,
6560,
6561,
6562,
6563,
6564,
6565,
6566,
6567,
6568,
6569,
6570,
6571,
6572,
6573,
6574,
6575,
6576,
6577,
6578,
6579,
6580,
6581,
6582,
6583,
6584,
6585,
6586,
6587,
6588,
6589,
6590,
6591,
6592,
6593,
6594,
6595,
6596,
6597,
6598,
6599,
6600,
6601,
6602,
6603,
6604,
6605,
6606,
6607,
6608,
6609,
6610,
6611,
6612,
6613,
6614,
6615,
6616,
6617,
6618,
6619,
6620,
6621,
6622,
6623,
6624,
6625,
6626,
6627,
6628,
6629,
6630,
6631,
6632,
6633,
6634,
6635,
6636,
6637,
6638,
6639,
6640,
6641,
6642,
6643,
6644,
6645,
6646,
6647,
6648,
6649,
6650,
6651,
6652,
6653,
6654,
6655,
6656,
6657,
6658,
6659,
6660,
6661,
6662,
6663,
6664,
6665,
6666,
6667,
6668,
6669,
6670,
6671,
6672,
6673,
6674,
6675,
6676,
6677,
6678,
6679,
6680,
6681,
6682,
6683,
6684,
6685,
6686,
6687,
6688,
6689,
6690,
6691,
6692,
6693,
6694,
6695,
6696,
6697,
6698,
6699,
6700,
6701,
6702,
6703,
6704,
6705,
6706,
6707,
6708,
6709,
6710,
6711,
6712,
6713,
6714,
6715,
6716,
6717,
6718,
6719,
6720,
6721,
6722,
6723,
6724,
6725,
6726,
6727,
6728,
6729,
6730,
6731,
6732,
6733,
6734,
6735,
6736,
6737,
6738,
6739,
6740,
6741,
6742,
6743,
6744,
6745,
6746,
6747,
6748,
6749,
6750,
6751,
6752,
6753,
6754,
6755,
6756,
6757,
6758,
6759,
6760,
6761,
6762,
6763,
6764,
6765,
6766,
6767,
6768,
6769,
6770,
6771,
6772,
6773,
6774,
6775,
6776,
6777,
6778,
6779,
6780,
6781,
6782,
6783,
6784,
6785,
6786,
6787,
6788,
6789,
6790,
6791,
6792,
6793,
6794,
6795,
6796,
6797,
6798,
6799,
6800,
6801,
6802,
6803,
6804,
6805,
6806,
6807,
6808,
6809,
6810,
6811,
6812,
6813,
6814,
6815,
6816,
6817,
6818,
6819,
6820,
6821,
6822,
6823,
6824,
6825,
6826,
6827,
6828,
6829,
6830,
6831,
6832,
6833,
6834,
6835,
6836,
6837,
6838,
6839,
6840,
6841,
6842,
6843,
6844,
6845,
6846,
6847,
6848,
6849,
6850,
6851,
6852,
6853,
6854,
6855,
6856,
6857,
6858,
6859,
6860,
6861,
6862,
6863,
6864,
6865,
6866,
6867,
6868,
6869,
6870,
6871,
6872,
6873,
6874,
6875,
6876,
6877,
6878,
6879,
6880,
6881,
6882,
6883,
6884,
6885,
6886,
6887,
6888,
6889,
6890,
6891,
6892,
6893,
6894,
6895,
6896,
6897,
6898,
6899,
6900,
6901,
6902,
6903,
6904,
6905,
6906,
6907,
6908,
6909,
6910,
6911,
6912,
6913,
6914,
6915,
6916,
6917,
6918,
6919,
6920,
6921,
6922,
6923,
6924,
6925,
6926,
6927,
6928,
6929,
6930,
6931,
6932,
6933,
6934,
6935,
6936,
6937,
6938,
6939,
6940,
6941,
6942,
6943,
6944,
6945,
6946,
6947,
6948,
6949,
6950,
6951,
6952,
6953,
6954,
6955,
6956,
6957,
6958,
6959,
6960,
6961,
6962,
6963,
6964,
6965,
6966,
6967,
6968,
6969,
6970,
6971,
6972,
6973,
6974,
6975,
6976,
6977,
6978,
6979,
6980,
6981,
6982,
6983,
6984,
6985,
6986,
6987,
6988,
6989,
6990,
6991,
6992,
6993,
6994,
6995,
6996,
6997,
6998,
6999,
7000,
7001,
7002,
7003,
7004,
7005,
7006,
7007,
7008,
7009,
7010,
7011,
7012,
7013,
7014,
7015,
7016,
7017,
7018,
7019,
7020,
7021,
7022,
7023,
7024,
7025,
7026,
7027,
7028,
7029,
7030,
7031,
7032,
7033,
7034,
7035,
7036,
7037,
7038,
7039,
7040,
7041,
7042,
7043,
7044,
7045,
7046,
7047,
7048,
7049,
7050,
7051,
7052,
7053,
7054,
7055,
7056,
7057,
7058,
7059,
7060,
7061,
7062,
7063,
7064,
7065,
7066,
7067,
7068,
7069,
7070,
7071,
7072,
7073,
7074,
7075,
7076,
7077,
7078,
7079,
7080,
7081,
7082,
7083,
7084,
7085,
7086,
7087,
7088,
7089,
7090,
7091,
7092,
7093,
7094,
7095,
7096,
7097,
7098,
7099,
7100,
7101,
7102,
7103,
7104,
7105,
7106,
7107,
7108,
7109,
7110,
7111,
7112,
7113,
7114,
7115,
7116,
7117,
7118,
7119,
7120,
7121,
7122,
7123,
7124,
7125,
7126,
7127,
7128,
7129,
7130,
7131,
7132,
7133,
7134,
7135,
7136,
7137,
7138,
7139,
7140,
7141,
7142,
7143,
7144,
7145,
7146,
7147,
7148,
7149,
7150,
7151,
7152,
7153,
7154,
7155,
7156,
7157,
7158,
7159,
7160,
7161,
7162,
7163,
7164,
7165,
7166,
7167,
7168,
7169,
7170,
7171,
7172,
7173,
7174,
7175,
7176,
7177,
7178,
7179,
7180,
7181,
7182,
7183,
7184,
7185,
7186,
7187,
7188,
7189,
7190,
7191,
7192,
7193,
7194,
7195,
7196,
7197,
7198,
7199,
7200,
7201,
7202,
7203,
7204,
7205,
7206,
7207,
7208,
7209,
7210,
7211,
7212,
7213,
7214,
7215,
7216,
7217,
7218,
7219,
7220,
7221,
7222,
7223,
7224,
7225,
7226,
7227,
7228,
7229,
7230,
7231,
7232,
7233,
7234,
7235,
7236,
7237,
7238,
7239,
7240,
7241,
7242,
7243,
7244,
7245,
7246,
7247,
7248,
7249,
7250,
7251,
7252,
7253,
7254,
7255,
7256,
7257,
7258,
7259,
7260,
7261,
7262,
7263,
7264,
7265,
7266,
7267,
7268,
7269,
7270,
7271,
7272,
7273,
7274,
7275,
7276,
7277,
7278,
7279,
7280,
7281,
7282,
7283,
7284,
7285,
7286,
7287,
7288,
7289,
7290,
7291,
7292,
7293,
7294,
7295,
7296,
7297,
7298,
7299,
7300,
7301,
7302,
7303,
7304,
7305,
7306,
7307,
7308,
7309,
7310,
7311,
7312,
7313,
7314,
7315,
7316,
7317,
7318,
7319,
7320,
7321,
7322,
7323,
7324,
7325,
7326,
7327,
7328,
7329,
7330,
7331,
7332,
7333,
7334,
7335,
7336,
7337,
7338,
7339,
7340,
7341,
7342,
7343,
7344,
7345,
7346,
7347,
7348,
7349,
7350,
7351,
7352,
7353,
7354,
7355,
7356,
7357,
7358,
7359,
7360,
7361,
7362,
7363,
7364,
7365,
7366,
7367,
7368,
7369,
7370,
7371,
7372,
7373,
7374,
7375,
7376,
7377,
7378,
7379,
7380,
7381,
7382,
7383,
7384,
7385,
7386,
7387,
7388,
7389,
7390,
7391,
7392,
7393,
7394,
7395,
7396,
7397,
7398,
7399,
7400,
7401,
7402,
7403,
7404,
7405,
7406,
7407,
7408,
7409,
7410,
7411,
7412,
7413,
7414,
7415,
7416,
7417,
7418,
7419,
7420,
7421,
7422,
7423,
7424,
7425,
7426,
7427,
7428,
7429,
7430,
7431,
7432,
7433,
7434,
7435,
7436,
7437,
7438,
7439,
7440,
7441,
7442,
7443,
7444,
7445,
7446,
7447,
7448,
7449,
7450,
7451,
7452,
7453,
7454,
7455,
7456,
7457,
7458,
7459,
7460,
7461,
7462,
7463,
7464,
7465,
7466,
7467,
7468,
7469,
7470,
7471,
7472,
7473,
7474,
7475,
7476,
7477,
7478,
7479,
7480,
7481,
7482,
7483,
7484,
7485,
7486,
7487,
7488,
7489,
7490,
7491,
7492,
7493,
7494,
7495,
7496,
7497,
7498,
7499,
7500,
7501,
7502,
7503,
7504,
7505,
7506,
7507,
7508,
7509,
7510,
7511,
7512,
7513,
7514,
7515,
7516,
7517,
7518,
7519,
7520,
7521,
7522,
7523,
7524,
7525,
7526,
7527,
7528,
7529,
7530,
7531,
7532,
7533,
7534,
7535,
7536,
7537,
7538,
7539,
7540,
7541,
7542,
7543,
7544,
7545,
7546,
7547,
7548,
7549,
7550,
7551,
7552,
7553,
7554,
7555,
7556,
7557,
7558,
7559,
7560,
7561,
7562,
7563,
7564,
7565,
7566,
7567,
7568,
7569,
7570,
7571,
7572,
7573,
7574,
7575,
7576,
7577,
7578,
7579,
7580,
7581,
7582,
7583,
7584,
7585,
7586,
7587,
7588,
7589,
7590,
7591,
7592,
7593,
7594,
7595,
7596,
7597,
7598,
7599,
7600,
7601,
7602,
7603,
7604,
7605,
7606,
7607,
7608,
7609,
7610,
7611,
7612,
7613,
7614,
7615,
7616,
7617,
7618,
7619,
7620,
7621,
7622,
7623,
7624,
7625,
7626,
7627,
7628,
7629,
7630,
7631,
7632,
7633,
7634,
7635,
7636,
7637,
7638,
7639,
7640,
7641,
7642,
7643,
7644,
7645,
7646,
7647,
7648,
7649,
7650,
7651,
7652,
7653,
7654,
7655,
7656,
7657,
7658,
7659,
7660,
7661,
7662,
7663,
7664,
7665,
7666,
7667,
7668,
7669,
7670,
7671,
7672,
7673,
7674,
7675,
7676,
7677,
7678,
7679,
7680,
7681,
7682,
7683,
7684,
7685,
7686,
7687,
7688,
7689,
7690,
7691,
7692,
7693,
7694,
7695,
7696,
7697,
7698,
7699,
7700,
7701,
7702,
7703,
7704,
7705,
7706,
7707,
7708,
7709,
7710,
7711,
7712,
7713,
7714,
7715,
7716,
7717,
7718,
7719,
7720,
7721,
7722,
7723,
7724,
7725,
7726,
7727,
7728,
7729,
7730,
7731,
7732,
7733,
7734,
7735,
7736,
7737,
7738,
7739,
7740,
7741,
7742,
7743,
7744,
7745,
7746,
7747,
7748,
7749,
7750,
7751,
7752,
7753,
7754,
7755,
7756,
7757,
7758,
7759,
7760,
7761,
7762,
7763,
7764,
7765,
7766,
7767,
7768,
7769,
7770,
7771,
7772,
7773,
7774,
7775,
7776,
7777,
7778,
7779,
7780,
7781,
7782,
7783,
7784,
7785,
7786,
7787,
7788,
7789,
7790,
7791,
7792,
7793,
7794,
7795,
7796,
7797,
7798,
7799,
7800,
7801,
7802,
7803,
7804,
7805,
7806,
7807,
7808,
7809,
7810,
7811,
7812,
7813,
7814,
7815,
7816,
7817,
7818,
7819,
7820,
7821,
7822,
7823,
7824,
7825,
7826,
7827,
7828,
7829,
7830,
7831,
7832,
7833,
7834,
7835,
7836,
7837,
